1,Dynabox,Astorga
2,Jabbersphere,Soio
3,Fadeo,Pangkajene
4,Talane,Hongde
5,Youbridge,Dasongshu
6,Miboo,Vilhelmina
7,Kare,Arjawinangun
8,Tagcat,Checca
9,Oyoloo,Cachan
10,Rhynoodle,Tembladera
11,Lazz,Guanchi
12,Skivee,Fort Wayne
13,Aivee,Zhangdun
14,Twitterwire,Quilpué
15,Lajo,Dalamdesa Kalapadua
16,Livepath,Tyczyn
17,Innojam,Iturama
18,Aibox,Koski Tl
19,Jazzy,Yuandun
20,Snaptags,Nizhniy Kurkuzhin
21,Quatz,Hwacheon
22,Trudoo,Dongobesh
23,Quaxo,Santa Nino
24,Browsezoom,Astorga
25,Quatz,El Galpón
26,Tambee,Boñgalon
27,Mita,Nová Role
28,Dabjam,Rimbo
29,Thoughtstorm,Ufa
30,Teklist,Ahmadpur Siāl
31,Tazz,Évora
32,Teklist,Huaitu
33,Kayveo,Vila Nova
34,Meemm,Chinandega
35,Zoonoodle,Wiang Chiang Rung
36,Kanoodle,Dongguan
37,Voonder,Rizári
38,Photospace,Várzea
39,Trudeo,Ning’er
40,Vimbo,Padej
41,Oyondu,Maniowy
42,Eabox,Till
43,Cogibox,Lungaog
44,Mynte,Camp Flora
45,Leenti,Annan
46,Latz,Zhangduangu
47,Zazio,Ilihan
48,Browsebug,Ala
49,Yamia,Ożarowice
50,Topiclounge,Monteros
51,Skipstorm,Astorga
52,Thoughtbeat,Maiyema
53,Yakidoo,Vila Moreira
54,Yabox,Pahārpur
55,Flipopia,Kawage
56,Youopia,Kočevje
57,Gigazoom,Galván
58,Skidoo,Zator
59,Voolith,Nanmo
60,Linkbridge,Baleal
61,Rooxo,Staré Město
62,Skyble,Jardia
63,Centidel,Herīs
64,Innotype,Lisui
65,Vitz,Sertânia
66,Rhynoodle,Patambuco
67,Midel,Lingyang
68,Yata,Avesta
69,Janyx,Łodygowice
70,Flipbug,Balayang
71,Livefish,Tidili Mesfioua
72,Topicblab,Guaporé
73,Fivebridge,Vereya
74,Flashspan,Sima
75,Feedspan,Renhe
76,Skimia,Yarumela
77,Camimbo,Casal de São João
78,Cogidoo,Balucuc
79,Roomm,Gajiram
80,Skivee,Kyaiklat
81,Shuffletag,Sindangsari
82,Yamia,Bromölla
83,Twinder,Hidalgo
84,Devbug,San Jose
85,Oyoba,Ḩakamā
86,Buzzster,Magallanes
87,Skyble,Mysove
88,Quimm,København
89,Topicblab,Río Cauto
90,Dynabox,Zhongfeng
91,Flipbug,Kalmar
92,Quire,Astorga
93,Dabtype,Osielec
94,Eare,Chaniá
95,Flashpoint,El Crucero
96,Brightbean,Nesovice
97,Zooxo,Ziyang Chengguanzhen
98,Agimba,Chengjiao Chengguanzhen
99,Yodoo,Singajaya
100,Voomm,Voronezh
